name,diameter,weight,red,green,blue
orange,5.29,96.14,155,81,19
orange,5.39,96.14,158,91,8
orange,5.53,103.9,165,88,5
orange,5.56,104.07,165,82,6
orange,5.56,105.03,149,95,8
orange,5.57,105.11,155,97,14
orange,5.59,105.31,153,91,9
orange,5.69,105.85,155,85,9
orange,5.71,106.21,158,81,2
orange,5.73,106.46,154,95,11
orange,5.73,106.53,165,74,4
orange,5.74,106.58,157,96,3
orange,5.83,106.58,155,100,2
orange,5.85,106.58,154,91,5
orange,5.87,106.62,166,84,13
orange,5.87,107.11,155,106,2
orange,5.9,107.4,152,84,8
orange,5.92,108.09,155,92,6
orange,5.95,108.22,152,84,4
orange,5.95,108.55,172,81,14
orange,5.97,109.09,158,83,27
orange,5.99,109.41,151,88,3
orange,6.01,109.56,151,106,5
orange,6.03,110.33,146,82,3
orange,6.03,110.33,164,99,16
orange,6.04,110.43,153,91,2
orange,6.1,110.56,149,99,2
orange,6.11,110.92,155,85,7
orange,6.13,110.97,151,85,2
orange,6.13,111.11,150,101,2
orange,6.15,111.25,162,99,10
orange,6.15,111.34,156,88,12
orange,6.18,111.34,147,108,2
orange,6.19,111.52,157,83,4
orange,6.21,111.57,165,95,6
orange,6.23,111.58,165,89,2
orange,6.27,111.62,160,90,5
orange,6.28,111.74,155,83,2
orange,6.3,111.78,158,97,2
orange,6.31,111.88,163,83,13
orange,6.31,112.54,162,110,3
orange,6.34,112.63,150,71,2
orange,6.35,112.68,148,91,2
orange,6.36,112.97,162,84,4
orange,6.36,113.01,161,84,2
orange,6.38,113.72,146,85,2
orange,6.38,113.78,162,87,9
orange,6.38,113.81,149,86,10
orange,6.4,113.91,153,100,5
orange,6.4,113.99,146,84,2
orange,6.45,114.1,147,103,2
orange,6.45,114.14,153,84,19
orange,6.46,114.18,158,95,5
orange,6.47,114.18,158,94,7
orange,6.47,114.34,152,78,2
orange,6.5,114.47,158,79,9
orange,6.5,115.07,156,83,2
orange,6.5,115.14,168,84,7
orange,6.5,115.15,155,97,4
orange,6.51,115.26,158,85,17
orange,6.52,115.33,157,82,5
orange,6.55,115.46,149,76,4
orange,6.57,115.75,158,79,2
orange,6.57,115.8,160,77,5
orange,6.57,115.89,158,89,2
orange,6.59,115.95,165,84,2
orange,6.61,116.0,156,83,12
orange,6.61,116.11,152,82,2
orange,6.61,116.27,161,83,8
orange,6.62,116.36,159,77,7
orange,6.64,116.47,153,100,2
orange,6.64,116.51,159,75,10
orange,6.64,116.54,156,97,2
orange,6.65,116.62,157,77,5
orange,6.65,116.68,155,86,2
orange,6.65,116.93,159,72,5
orange,6.65,116.93,148,99,2
orange,6.66,116.94,148,95,6
orange,6.66,117.02,156,80,2
orange,6.66,117.03,158,82,5
orange,6.68,117.11,160,68,4
orange,6.68,117.21,153,83,2
orange,6.68,117.26,159,82,3
orange,6.69,117.28,161,92,2
orange,6.7,117.28,152,92,2
orange,6.7,117.42,159,90,4
orange,6.7,117.44,156,97,2
orange,6.71,117.48,155,97,10
orange,6.71,117.48,157,82,8
orange,6.72,117.48,158,102,7
orange,6.72,117.49,155,86,4
orange,6.73,117.51,162,116,14
orange,6.74,117.52,157,75,5
orange,6.74,117.53,157,72,2
orange,6.75,117.64,159,77,8
orange,6.76,117.68,171,95,7
orange,6.77,117.72,152,72,5
orange,6.78,117.74,160,90,4
orange,6.78,117.74,155,79,11
orange,6.79,118.0,153,87,6
orange,6.79,118.02,156,88,10
orange,6.8,118.15,158,93,2
orange,6.8,118.18,156,64,2
orange,6.8,118.18,165,92,8
orange,6.8,118.2,155,83,2
orange,6.81,118.26,154,85,2
orange,6.81,118.28,157,102,8
orange,6.83,118.3,156,81,8
orange,6.83,118.31,159,113,2
orange,6.84,118.35,159,74,7
orange,6.85,118.35,164,85,4
orange,6.86,118.38,162,91,16
orange,6.87,118.55,157,102,7
orange,6.87,118.75,147,76,2
orange,6.87,118.77,160,64,11
orange,6.88,118.79,169,79,13
orange,6.88,118.79,165,89,2
orange,6.88,118.8,169,83,6
orange,6.89,118.84,147,85,2
orange,6.89,118.87,158,82,5
orange,6.9,118.88,146,72,2
orange,6.9,118.89,164,77,4
orange,6.91,119.0,158,73,6
orange,6.91,119.21,163,97,8
orange,6.92,119.21,157,91,11
orange,6.92,119.22,159,84,3
orange,6.92,119.23,167,104,2
orange,6.92,119.23,141,105,4
orange,6.93,119.23,155,106,2
orange,6.93,119.32,157,85,2
orange,6.94,119.36,167,89,8
orange,6.94,119.38,150,102,2
orange,6.94,119.45,165,80,15
orange,6.94,119.46,159,83,2
orange,6.94,119.47,158,88,8
orange,6.95,119.68,169,77,2
orange,6.96,119.7,145,88,6
orange,6.96,119.85,156,79,6
orange,6.97,119.87,167,108,2
orange,6.98,119.88,154,88,2
orange,6.98,119.91,164,82,10
orange,6.98,119.97,159,88,2
orange,6.98,120.0,154,81,2
orange,6.99,120.02,149,95,12
orange,6.99,120.06,157,93,2
orange,6.99,120.09,156,91,5
orange,6.99,120.23,165,90,2
orange,6.99,120.24,160,91,4
orange,7.0,120.25,163,87,8
orange,7.0,120.35,144,70,2
orange,7.0,120.46,167,78,3
orange,7.01,120.67,154,99,2
orange,7.02,120.74,152,88,6
orange,7.02,120.77,155,96,3
orange,7.02,120.83,151,81,2
orange,7.02,120.84,160,77,7
orange,7.03,120.88,164,71,2
orange,7.03,120.88,159,106,11
orange,7.03,120.89,161,80,2
orange,7.03,120.9,157,89,2
orange,7.04,121.02,158,106,7
orange,7.04,121.05,160,89,9
orange,7.06,121.06,152,78,11
orange,7.06,121.24,155,90,5
orange,7.07,121.26,155,83,2
orange,7.07,121.28,169,87,5
orange,7.07,121.28,150,96,3
orange,7.08,121.35,156,92,11
orange,7.09,121.45,162,84,9
orange,7.09,121.47,153,89,2
orange,7.09,121.49,159,91,2
orange,7.1,121.49,164,93,8
orange,7.1,121.51,162,94,3
orange,7.1,121.52,155,95,2
orange,7.1,121.55,162,68,7
orange,7.12,121.56,157,97,6
orange,7.12,121.56,156,88,9
orange,7.12,121.59,148,93,3
orange,7.12,121.62,162,92,4
orange,7.13,121.68,168,85,6
orange,7.13,121.7,163,80,12
orange,7.14,121.7,151,96,2
orange,7.14,121.74,167,87,13
orange,7.14,121.85,167,94,2
orange,7.15,121.87,156,71,2
orange,7.15,121.97,157,80,2
orange,7.16,122.0,157,82,2
orange,7.16,122.01,162,82,5
orange,7.16,122.01,158,88,8
orange,7.17,122.06,168,83,2
orange,7.17,122.07,153,99,2
orange,7.18,122.1,156,78,2
orange,7.18,122.19,153,75,2
orange,7.19,122.22,163,77,9
orange,7.2,122.28,161,90,17
orange,7.2,122.3,157,90,5
orange,7.21,122.32,153,88,6
orange,7.22,122.36,157,90,2
orange,7.22,122.38,150,77,2
orange,7.23,122.44,153,91,6
orange,7.23,122.49,151,77,2
orange,7.23,122.49,141,87,7
orange,7.23,122.51,157,88,14
orange,7.24,122.53,160,90,9
orange,7.24,122.56,156,71,6
orange,7.25,122.63,162,86,2
orange,7.25,122.66,157,91,12
orange,7.25,122.74,151,82,2
orange,7.26,122.75,155,99,2
orange,7.27,122.76,150,78,13
orange,7.27,122.76,146,102,3
orange,7.27,122.86,156,86,9
orange,7.27,122.9,154,107,4
orange,7.27,122.92,159,94,14
orange,7.28,122.93,161,91,2
orange,7.28,122.94,173,77,2
orange,7.28,122.94,150,105,2
orange,7.29,122.96,153,101,11
orange,7.29,123.1,166,86,10
orange,7.29,123.11,137,68,8
orange,7.29,123.18,157,86,2
orange,7.29,123.18,152,81,8
orange,7.29,123.21,156,96,8
orange,7.29,123.23,160,98,2
orange,7.29,123.25,163,83,8
orange,7.3,123.26,165,92,9
orange,7.3,123.4,155,75,3
orange,7.3,123.45,158,90,2
orange,7.3,123.46,146,85,2
orange,7.31,123.47,159,100,2
orange,7.31,123.57,156,97,6
orange,7.31,123.58,143,96,9
orange,7.31,123.59,165,101,11
orange,7.31,123.6,151,100,2
orange,7.32,123.68,147,89,2
orange,7.32,123.7,164,89,4
orange,7.32,123.71,155,62,7
orange,7.33,123.72,165,84,2
orange,7.33,123.74,156,78,7
orange,7.33,123.81,161,89,4
orange,7.33,123.84,159,83,2
orange,7.35,123.88,141,77,2
orange,7.35,123.93,155,98,2
orange,7.35,123.95,169,78,5
orange,7.35,123.97,156,89,16
orange,7.35,123.97,150,83,2
orange,7.36,124.04,159,78,2
orange,7.36,124.08,157,99,2
orange,7.37,124.13,164,81,2
orange,7.37,124.16,149,86,14
orange,7.37,124.17,161,103,2
orange,7.37,124.21,153,86,2
orange,7.37,124.21,162,77,2
orange,7.37,124.35,158,100,2
orange,7.37,124.41,150,94,2
orange,7.38,124.41,171,86,14
orange,7.38,124.43,159,95,8
orange,7.38,124.45,166,85,2
orange,7.38,124.46,161,86,7
orange,7.38,124.47,165,107,9
orange,7.39,124.56,152,81,8
orange,7.4,124.59,156,76,17
orange,7.4,124.62,154,94,18
orange,7.4,124.7,148,97,6
orange,7.41,124.75,157,71,2
orange,7.41,124.76,160,101,2
orange,7.41,124.77,164,82,2
orange,7.41,124.79,171,79,9
orange,7.42,124.8,157,82,7
orange,7.42,124.8,155,89,7
orange,7.42,124.82,149,102,4
orange,7.43,124.85,154,85,6
orange,7.44,124.88,151,82,8
orange,7.44,124.9,150,88,6
orange,7.45,124.96,159,89,3
orange,7.45,124.97,155,86,2
orange,7.45,124.98,158,87,2
orange,7.46,125.0,158,80,11
orange,7.47,125.02,158,101,6
orange,7.47,125.06,165,75,2
orange,7.47,125.1,158,82,9
orange,7.48,125.14,152,87,2
orange,7.48,125.2,161,86,9
orange,7.48,125.2,163,71,2
orange,7.48,125.24,161,101,2
orange,7.48,125.25,156,99,15
orange,7.48,125.26,163,88,2
orange,7.48,125.34,170,85,2
orange,7.48,125.36,148,96,2
orange,7.48,125.37,160,78,10
orange,7.49,125.38,148,87,2
orange,7.49,125.39,153,68,2
orange,7.49,125.39,165,102,8
orange,7.49,125.39,162,86,2
orange,7.49,125.41,148,83,4
orange,7.49,125.43,160,86,6
orange,7.5,125.47,165,102,12
orange,7.5,125.49,149,88,3
orange,7.5,125.55,158,87,18
orange,7.5,125.6,157,81,2
orange,7.5,125.6,156,80,2
orange,7.5,125.61,147,81,12
orange,7.5,125.71,160,89,2
orange,7.51,125.72,158,99,7
orange,7.51,125.73,148,92,2
orange,7.51,125.82,166,85,10
orange,7.52,125.84,160,75,2
orange,7.52,125.86,149,87,2
orange,7.52,125.87,150,86,3
orange,7.53,125.89,144,94,2
orange,7.53,125.91,157,88,3
orange,7.53,125.92,155,90,7
orange,7.53,125.94,151,78,2
orange,7.53,125.94,147,83,4
orange,7.54,126.0,156,101,6
orange,7.55,126.02,161,100,3
orange,7.55,126.06,150,92,13
orange,7.56,126.15,157,79,2
orange,7.56,126.21,151,88,2
orange,7.56,126.24,172,93,6
orange,7.56,126.26,154,88,10
orange,7.57,126.29,149,84,2
orange,7.57,126.3,146,88,3
orange,7.57,126.32,159,113,2
orange,7.58,126.37,141,80,9
orange,7.58,126.38,157,81,2
orange,7.58,126.38,159,98,2
orange,7.58,126.39,150,72,2
orange,7.58,126.42,159,81,10
orange,7.59,126.45,148,88,2
orange,7.59,126.46,153,79,2
orange,7.59,126.47,158,87,2
orange,7.59,126.55,164,89,13
orange,7.6,126.55,148,79,12
orange,7.6,126.55,154,81,5
orange,7.6,126.55,153,107,2
orange,7.6,126.56,172,89,5
orange,7.6,126.57,157,89,2
orange,7.6,126.61,157,90,9
orange,7.61,126.64,156,79,13
orange,7.61,126.74,148,82,6
orange,7.61,126.75,147,96,12
orange,7.61,126.77,156,77,14
orange,7.61,126.85,159,92,2
orange,7.61,126.87,157,90,13
orange,7.61,126.87,160,70,4
orange,7.62,126.93,147,89,4
orange,7.62,126.93,165,81,13
orange,7.63,126.95,154,68,4
orange,7.63,126.96,166,95,7
orange,7.63,126.99,153,84,11
orange,7.63,127.0,154,61,4
orange,7.63,127.02,157,100,5
orange,7.63,127.04,155,70,2
orange,7.63,127.05,145,100,5
orange,7.64,127.08,152,75,6
orange,7.64,127.13,149,101,16
orange,7.64,127.16,155,84,8
orange,7.65,127.23,161,73,19
orange,7.65,127.29,161,71,2
orange,7.65,127.29,159,70,10
orange,7.65,127.32,158,87,2
orange,7.66,127.35,165,83,18
orange,7.66,127.37,157,73,2
orange,7.66,127.39,147,91,13
orange,7.67,127.39,151,89,9
orange,7.67,127.42,161,88,2
orange,7.68,127.42,162,87,11
orange,7.68,127.47,166,69,2
orange,7.69,127.49,159,109,11
orange,7.69,127.54,151,93,2
orange,7.69,127.54,160,85,2
orange,7.69,127.58,150,98,2
orange,7.7,127.64,154,97,9
orange,7.7,127.64,154,95,11
orange,7.7,127.69,150,79,4
orange,7.7,127.72,165,81,5
orange,7.7,127.73,153,96,2
orange,7.71,127.73,167,75,2
orange,7.71,127.74,153,99,2
orange,7.71,127.74,167,95,2
orange,7.71,127.75,170,84,8
orange,7.71,127.75,160,92,10
orange,7.71,127.78,154,108,2
orange,7.72,127.78,158,93,10
orange,7.72,127.78,154,108,2
orange,7.72,127.79,152,91,5
orange,7.72,127.8,151,73,2
orange,7.73,127.81,155,84,2
orange,7.73,127.81,153,99,2
orange,7.73,127.86,159,91,2
orange,7.73,127.86,147,93,10
orange,7.74,127.88,162,87,9
orange,7.74,127.92,154,81,3
orange,7.74,127.93,147,67,7
orange,7.74,127.94,164,66,10
orange,7.75,127.96,164,94,2
orange,7.75,127.98,157,75,2
orange,7.75,128.03,156,95,2
orange,7.76,128.04,150,70,5
orange,7.76,128.06,160,94,2
orange,7.77,128.07,151,83,2
orange,7.77,128.1,146,71,17
orange,7.77,128.16,160,86,2
orange,7.78,128.2,152,96,2
orange,7.78,128.21,151,104,18
orange,7.78,128.25,163,78,5
orange,7.78,128.3,160,73,2
orange,7.79,128.3,155,75,2
orange,7.79,128.31,145,59,5
orange,7.79,128.44,155,86,4
orange,7.79,128.44,162,98,2
orange,7.8,128.5,162,94,2
orange,7.8,128.53,162,77,5
orange,7.8,128.55,154,90,2
orange,7.81,128.56,153,93,13
orange,7.81,128.63,156,80,2
orange,7.81,128.63,161,94,2
orange,7.82,128.72,154,86,10
orange,7.82,128.73,158,73,11
orange,7.82,128.74,161,92,14
orange,7.82,128.74,155,109,4
orange,7.82,128.75,154,86,17
orange,7.82,128.75,163,101,4
orange,7.82,128.75,157,106,2
orange,7.83,128.76,149,89,2
orange,7.83,128.77,174,89,4
orange,7.83,128.79,158,79,3
orange,7.83,128.8,156,89,5
orange,7.84,128.85,165,107,4
orange,7.84,128.86,149,81,14
orange,7.84,128.89,151,97,10
orange,7.84,128.98,164,83,17
orange,7.85,128.98,158,83,5
orange,7.85,129.05,156,92,3
orange,7.86,129.05,161,90,9
orange,7.86,129.07,145,86,6
orange,7.87,129.08,155,72,2
orange,7.87,129.12,155,84,2
orange,7.88,129.14,161,94,2
orange,7.88,129.16,165,84,18
orange,7.88,129.18,152,81,2
orange,7.89,129.22,170,87,2
orange,7.89,129.23,159,79,6
orange,7.89,129.31,155,89,7
orange,7.89,129.38,157,91,15
orange,7.89,129.4,158,91,13
orange,7.89,129.43,155,69,2
orange,7.9,129.46,155,73,10
orange,7.9,129.49,147,97,2
orange,7.9,129.56,158,84,2
orange,7.9,129.57,175,78,8
orange,7.92,129.58,156,106,8
orange,7.92,129.68,156,87,2
orange,7.92,129.68,162,67,10
orange,7.92,129.72,158,82,5
orange,7.93,129.78,159,99,4
orange,7.93,129.79,151,78,2
orange,7.93,129.86,158,82,4
orange,7.93,129.87,162,103,4
orange,7.94,129.9,147,72,2
orange,7.94,129.9,150,106,2
orange,7.95,129.95,155,92,6
orange,7.95,129.98,158,84,7
orange,7.95,129.99,157,96,2
orange,7.95,130.09,152,76,8
orange,7.95,130.14,157,97,8
orange,7.95,130.14,165,103,15
orange,7.95,130.17,145,88,4
orange,7.96,130.21,156,85,2
orange,7.96,130.26,160,112,5
orange,7.96,130.26,165,94,2
orange,7.97,130.28,156,84,2
orange,7.97,130.31,161,85,14
orange,7.97,130.44,160,80,4
orange,7.97,130.45,153,90,5
orange,7.98,130.47,163,92,8
orange,7.98,130.51,155,85,2
orange,7.98,130.53,162,95,11
orange,7.99,130.53,163,86,2
orange,7.99,130.55,164,88,2
orange,7.99,130.57,172,80,2
orange,7.99,130.61,157,95,2
orange,7.99,130.63,165,75,10
orange,8.0,130.66,163,91,2
orange,8.0,130.74,163,83,12
orange,8.0,130.75,157,75,9
orange,8.01,130.78,158,86,5
orange,8.01,130.84,160,96,4
orange,8.02,130.86,160,84,2
orange,8.02,130.89,158,89,8
orange,8.03,130.9,152,82,12
orange,8.03,130.95,167,91,6
orange,8.03,130.95,166,66,2
orange,8.03,130.95,157,94,2
orange,8.03,130.96,164,74,4
orange,8.03,131.01,152,82,9
orange,8.03,131.01,163,79,18
orange,8.04,131.04,154,90,15
orange,8.04,131.04,163,99,2
orange,8.05,131.04,153,84,2
orange,8.05,131.07,160,88,2
orange,8.05,131.11,164,77,13
orange,8.05,131.14,157,101,2
orange,8.05,131.16,160,81,2
orange,8.05,131.18,166,101,9
orange,8.05,131.19,161,88,2
orange,8.06,131.23,154,84,8
orange,8.07,131.23,176,72,6
orange,8.08,131.27,163,85,7
orange,8.08,131.29,157,91,2
orange,8.08,131.3,154,87,9
orange,8.09,131.39,164,100,5
orange,8.09,131.41,155,75,10
orange,8.09,131.46,168,81,2
orange,8.1,131.47,160,89,2
orange,8.1,131.47,156,96,2
orange,8.1,131.47,155,96,2
orange,8.1,131.47,149,113,2
orange,8.1,131.51,148,79,2
orange,8.11,131.56,160,67,2
orange,8.11,131.56,159,82,9
orange,8.11,131.56,158,75,2
orange,8.11,131.57,157,86,2
orange,8.11,131.58,153,84,3
orange,8.11,131.59,164,92,11
orange,8.11,131.67,159,100,11
orange,8.11,131.68,156,77,5
orange,8.12,131.68,158,89,2
orange,8.12,131.7,158,104,2
orange,8.12,131.72,159,88,5
orange,8.12,131.74,156,79,2
orange,8.13,131.78,163,87,2
orange,8.14,131.78,149,93,2
orange,8.14,131.81,156,86,2
orange,8.14,131.84,147,95,7
orange,8.14,131.85,157,91,11
orange,8.14,131.85,150,67,2
orange,8.15,131.86,151,108,2
orange,8.15,131.89,164,104,2
orange,8.15,131.89,166,97,2
orange,8.15,131.89,161,97,2
orange,8.15,131.89,155,89,12
orange,8.15,131.91,158,79,2
orange,8.16,131.99,153,109,9
orange,8.16,132.0,155,91,7
orange,8.16,132.0,157,71,2
orange,8.17,132.01,151,76,11
orange,8.17,132.03,159,94,2
orange,8.17,132.04,162,91,12
orange,8.17,132.07,146,95,2
orange,8.18,132.19,173,80,2
orange,8.19,132.22,167,94,10
orange,8.19,132.22,164,104,2
orange,8.19,132.24,164,85,5
orange,8.19,132.25,156,87,2
orange,8.2,132.31,149,84,2
orange,8.2,132.34,155,84,2
orange,8.2,132.38,159,77,4
orange,8.21,132.43,150,104,4
orange,8.22,132.43,161,89,2
orange,8.22,132.52,145,88,5
orange,8.23,132.55,166,85,10
orange,8.23,132.6,154,97,13
orange,8.23,132.62,148,80,2
orange,8.23,132.65,164,81,2
orange,8.24,132.73,151,86,5
orange,8.24,132.78,168,93,9
orange,8.24,132.79,165,97,2
orange,8.24,132.79,157,90,2
orange,8.24,132.84,154,77,8
orange,8.25,132.84,148,82,2
orange,8.25,132.85,160,89,2
orange,8.25,132.92,164,84,4
orange,8.25,132.93,163,99,2
orange,8.25,132.93,152,95,2
orange,8.26,133.0,154,79,2
orange,8.26,133.02,160,78,9
orange,8.26,133.02,152,81,2
orange,8.26,133.08,158,89,2
orange,8.26,133.11,153,93,7
orange,8.27,133.15,156,82,15
orange,8.27,133.16,158,110,2
orange,8.27,133.24,154,93,2
orange,8.27,133.28,153,84,2
orange,8.27,133.33,164,69,7
orange,8.28,133.37,161,106,5
orange,8.28,133.38,156,105,7
orange,8.28,133.4,159,66,10
orange,8.28,133.42,144,94,7
orange,8.29,133.42,150,86,2
orange,8.29,133.43,152,89,10
orange,8.29,133.43,161,61,2
orange,8.29,133.47,152,88,9
orange,8.3,133.53,151,95,2
orange,8.3,133.54,149,79,2
orange,8.31,133.58,152,91,2
orange,8.31,133.65,162,88,2
orange,8.31,133.69,153,82,3
orange,8.31,133.73,161,80,12
orange,8.32,133.76,165,76,5
orange,8.32,133.79,152,75,2
orange,8.32,133.8,150,82,2
orange,8.32,133.85,156,98,2
orange,8.32,133.85,162,97,2
orange,8.32,133.88,148,89,19
orange,8.32,133.9,171,80,13
orange,8.32,133.98,151,94,8
orange,8.33,133.99,158,111,2
orange,8.33,133.99,164,74,2
orange,8.33,134.0,147,67,6
orange,8.33,134.01,158,73,12
orange,8.33,134.1,159,96,9
orange,8.33,134.14,163,74,16
orange,8.34,134.15,166,103,2
orange,8.34,134.19,159,99,2
orange,8.34,134.21,152,102,11
orange,8.35,134.21,165,98,2
orange,8.35,134.22,158,89,11
orange,8.35,134.25,155,75,2
orange,8.36,134.27,158,87,11
orange,8.36,134.28,151,80,2
orange,8.36,134.31,154,82,2
orange,8.37,134.31,156,104,2
orange,8.37,134.47,150,83,2
orange,8.38,134.48,164,93,2
orange,8.38,134.54,158,96,2
orange,8.39,134.54,163,81,5
orange,8.39,134.55,153,85,2
orange,8.39,134.58,167,101,2
orange,8.4,134.64,153,86,5
orange,8.4,134.67,154,76,11
orange,8.4,134.72,158,95,14
orange,8.41,134.74,159,69,2
orange,8.41,134.8,154,91,2
orange,8.41,134.82,166,70,2
orange,8.41,134.9,157,101,2
orange,8.41,134.93,146,104,15
orange,8.42,134.96,151,83,2
orange,8.42,134.97,154,91,2
orange,8.42,135.0,161,94,4
orange,8.42,135.02,157,89,8
orange,8.42,135.07,163,89,9
orange,8.42,135.11,158,59,2
orange,8.43,135.12,160,71,11
orange,8.43,135.24,158,84,2
orange,8.43,135.24,149,78,8
orange,8.43,135.32,154,74,5
orange,8.43,135.42,152,87,6
orange,8.43,135.43,150,72,5
orange,8.43,135.45,156,83,24
orange,8.43,135.5,162,83,4
orange,8.43,135.52,176,86,2
orange,8.44,135.56,150,97,5
orange,8.44,135.6,165,92,3
orange,8.44,135.6,154,99,4
orange,8.44,135.64,167,83,10
orange,8.45,135.65,158,106,2
orange,8.45,135.67,156,90,2
orange,8.45,135.69,164,109,5
orange,8.45,135.73,159,102,2
orange,8.45,135.78,145,84,14
orange,8.45,135.81,151,83,10
orange,8.45,135.81,148,80,2
orange,8.46,135.83,156,101,2
orange,8.46,135.87,158,76,2
orange,8.46,135.89,151,103,2
orange,8.46,135.95,162,90,2
orange,8.47,135.97,163,76,6
orange,8.47,136.06,147,109,7
orange,8.47,136.06,166,85,11
orange,8.48,136.06,161,86,7
orange,8.48,136.1,155,85,2
orange,8.49,136.12,162,92,3
orange,8.49,136.13,155,95,2
orange,8.49,136.14,163,94,5
orange,8.5,136.16,155,106,7
orange,8.5,136.2,153,88,8
orange,8.5,136.3,164,86,2
orange,8.51,136.3,153,69,2
orange,8.51,136.33,151,85,2
orange,8.51,136.34,171,77,18
orange,8.51,136.35,158,91,2
orange,8.52,136.36,151,98,2
orange,8.52,136.37,157,87,2
orange,8.52,136.41,160,79,2
orange,8.52,136.45,156,68,5
orange,8.53,136.46,138,89,2
orange,8.53,136.48,158,102,2
orange,8.53,136.54,161,84,6
orange,8.53,136.57,155,106,14
orange,8.53,136.58,160,83,5
orange,8.53,136.67,159,100,6
orange,8.54,136.69,163,91,4
orange,8.54,136.7,155,79,2
orange,8.54,136.88,152,87,7
orange,8.54,136.89,154,87,5
orange,8.54,136.9,155,109,14
orange,8.54,136.97,157,71,4
orange,8.54,136.97,151,90,8
orange,8.55,136.98,156,90,2
orange,8.55,137.0,157,90,5
orange,8.55,137.05,164,88,2
orange,8.56,137.07,163,95,2
orange,8.56,137.09,160,106,15
orange,8.56,137.09,158,76,5
orange,8.56,137.16,169,97,2
orange,8.56,137.18,165,87,2
orange,8.57,137.2,156,79,4
orange,8.57,137.21,164,89,10
orange,8.57,137.25,157,88,2
orange,8.57,137.26,156,90,8
orange,8.58,137.28,161,76,6
orange,8.58,137.38,159,105,5
orange,8.58,137.39,162,83,2
orange,8.58,137.45,163,97,6
orange,8.59,137.56,152,93,2
orange,8.59,137.57,161,89,14
orange,8.59,137.59,149,73,9
orange,8.59,137.6,153,79,13
orange,8.59,137.61,160,87,2
orange,8.6,137.61,156,77,4
orange,8.61,137.61,148,90,3
orange,8.61,137.68,144,102,17
orange,8.62,137.7,156,76,6
orange,8.62,137.74,147,89,10
orange,8.62,137.79,159,77,2
orange,8.62,137.84,150,83,5
orange,8.64,137.94,161,73,2
orange,8.64,137.95,163,71,13
orange,8.65,138.0,148,92,16
orange,8.65,138.04,166,80,5
orange,8.65,138.06,157,69,2
orange,8.66,138.07,158,82,17
orange,8.66,138.12,157,92,15
orange,8.66,138.19,159,99,3
orange,8.66,138.22,154,75,2
orange,8.66,138.26,152,92,12
orange,8.67,138.27,159,94,16
orange,8.67,138.32,150,76,4
orange,8.68,138.32,150,66,11
orange,8.68,138.35,157,85,2
orange,8.68,138.35,158,81,2
orange,8.69,138.42,170,72,2
orange,8.69,138.45,160,86,2
orange,8.69,138.54,159,107,6
orange,8.7,138.58,159,82,2
orange,8.7,138.61,150,97,13
orange,8.7,138.62,158,90,11
orange,8.71,138.63,157,82,7
orange,8.72,138.64,166,90,2
orange,8.73,138.66,155,84,3
orange,8.73,138.71,156,87,10
orange,8.73,138.72,165,83,9
orange,8.73,138.82,155,77,4
orange,8.74,138.83,152,106,2
orange,8.74,138.83,148,97,2
orange,8.74,138.84,156,100,4
orange,8.75,138.84,165,78,2
orange,8.75,138.86,164,96,18
orange,8.76,138.86,153,79,9
orange,8.76,138.9,167,110,2
orange,8.76,138.91,150,75,13
orange,8.76,139.06,166,92,5
orange,8.76,139.07,157,68,2
orange,8.77,139.07,158,97,2
orange,8.77,139.09,149,78,12
orange,8.77,139.17,157,74,2
orange,8.77,139.18,160,71,5
orange,8.78,139.19,154,103,5
orange,8.78,139.19,147,91,8
orange,8.78,139.25,156,93,2
orange,8.78,139.34,149,79,2
orange,8.79,139.35,160,77,6
orange,8.79,139.35,159,94,4
orange,8.8,139.35,162,92,13
orange,8.8,139.36,152,82,11
orange,8.81,139.41,153,87,6
orange,8.83,139.42,156,90,2
orange,8.83,139.44,156,79,2
orange,8.83,139.45,155,84,5
orange,8.84,139.53,159,92,6
orange,8.84,139.53,143,87,2
orange,8.84,139.65,157,100,5
orange,8.84,139.67,154,90,24
orange,8.85,139.72,163,86,3
orange,8.85,140.02,159,77,2
orange,8.86,140.02,154,74,7
orange,8.86,140.04,144,89,2
orange,8.87,140.08,162,114,5
orange,8.87,140.13,157,92,2
orange,8.88,140.14,162,100,2
orange,8.88,140.23,157,84,2
orange,8.89,140.28,167,105,4
orange,8.89,140.29,170,84,7
orange,8.89,140.31,162,82,5
orange,8.89,140.31,160,82,8
orange,8.89,140.32,160,90,2
orange,8.89,140.33,157,98,7
orange,8.89,140.4,157,79,3
orange,8.9,140.43,155,97,2
orange,8.9,140.44,155,80,2
orange,8.9,140.49,157,57,15
orange,8.9,140.52,159,85,5
orange,8.91,140.53,163,86,7
orange,8.91,140.6,167,81,4
orange,8.91,140.63,170,91,6
orange,8.92,140.64,165,91,16
orange,8.92,140.69,157,89,6
orange,8.92,140.7,153,101,2
orange,8.93,140.7,152,76,6
orange,8.94,140.78,153,86,2
orange,8.94,140.8,162,90,14
orange,8.94,140.85,152,87,2
orange,8.94,140.87,158,90,2
orange,8.94,140.9,160,79,12
orange,8.95,140.9,155,72,5
orange,8.95,140.93,153,87,6
orange,8.95,140.97,158,67,2
orange,8.95,140.98,164,67,2
orange,8.95,141.11,161,90,10
orange,8.95,141.23,158,86,8
orange,8.96,141.31,157,83,11
orange,8.96,141.52,152,84,2
orange,8.96,141.54,156,82,2
orange,8.98,141.57,158,80,3
orange,8.98,141.59,157,100,10
orange,8.98,141.68,161,84,11
orange,8.98,141.7,163,93,2
orange,8.98,141.74,155,102,2
orange,8.99,141.79,161,93,7
orange,8.99,141.8,167,89,8
orange,8.99,142.06,150,109,4
orange,8.99,142.13,166,84,3
orange,9.0,142.2,150,70,8
orange,9.0,142.26,159,67,2
orange,9.0,142.34,158,89,4
orange,9.01,142.37,159,96,2
orange,9.01,142.38,168,80,10
orange,9.01,142.39,153,93,2
orange,9.01,142.53,164,82,13
orange,9.01,142.57,160,84,6
orange,9.02,142.57,165,89,2
orange,9.02,142.57,149,65,2
orange,9.02,142.66,160,99,2
orange,9.03,142.71,154,73,2
orange,9.03,142.84,160,105,3
orange,9.03,142.84,150,107,2
orange,9.03,142.93,170,79,2
orange,9.04,142.98,157,88,4
orange,9.04,142.98,153,78,5
orange,9.04,143.02,151,88,7
orange,9.04,143.18,171,97,13
orange,9.06,143.2,160,90,6
orange,9.06,143.22,160,95,7
orange,9.06,143.3,161,92,2
orange,9.06,143.4,157,86,2
orange,9.06,143.44,155,95,7
orange,9.07,143.49,163,99,2
orange,9.07,143.55,149,97,8
orange,9.08,143.57,156,79,2
orange,9.08,143.61,164,91,2
orange,9.08,143.62,160,65,2
orange,9.09,143.66,163,88,7
orange,9.09,143.68,152,93,8
orange,9.1,143.75,161,102,11
orange,9.1,143.84,168,97,6
orange,9.1,143.89,162,78,6
orange,9.11,143.91,158,89,2
orange,9.11,143.99,156,98,2
orange,9.11,144.02,156,88,3
orange,9.11,144.04,162,68,2
orange,9.11,144.05,149,94,2
orange,9.12,144.06,151,92,7
orange,9.12,144.08,157,89,4
orange,9.12,144.09,161,80,10
orange,9.13,144.17,155,97,12
orange,9.13,144.23,156,84,11
orange,9.15,144.26,156,88,7
orange,9.15,144.34,152,89,2
orange,9.15,144.42,161,75,4
orange,9.15,144.43,164,93,2
orange,9.15,144.44,163,98,18
orange,9.16,144.48,152,94,2
orange,9.16,144.49,144,81,3
orange,9.16,144.54,146,101,2
orange,9.17,144.56,155,91,6
orange,9.19,144.59,149,86,2
orange,9.19,144.61,149,96,8
orange,9.2,144.65,162,96,8
orange,9.21,144.67,158,70,7
orange,9.21,144.69,145,100,2
orange,9.21,144.69,151,80,2
orange,9.22,144.73,150,85,6
orange,9.22,144.75,160,69,2
orange,9.22,144.76,147,78,4
orange,9.22,145.05,167,90,4
orange,9.23,145.06,156,82,2
orange,9.24,145.1,152,80,10
orange,9.25,145.12,153,84,7
orange,9.26,145.15,158,97,7
orange,9.26,145.18,157,65,4
orange,9.27,145.23,151,95,4
orange,9.28,145.29,162,93,6
orange,9.29,145.29,168,76,6
orange,9.3,145.29,153,75,2
orange,9.32,145.37,154,81,12
orange,9.32,145.43,145,92,5
orange,9.33,145.46,146,70,2
orange,9.33,145.51,158,94,5
orange,9.33,145.52,154,89,3
orange,9.34,145.56,158,91,3
orange,9.34,145.56,156,103,6
orange,9.34,145.62,156,88,2
orange,9.35,145.74,148,73,2
orange,9.35,145.77,142,74,5
orange,9.39,145.91,160,114,4
orange,9.4,145.97,151,91,2
orange,9.4,145.99,154,88,2
orange,9.41,146.02,151,92,3
orange,9.41,146.08,159,83,17
orange,9.42,146.16,157,84,3
orange,9.42,146.18,162,96,2
orange,9.43,146.2,150,112,2
orange,9.43,146.24,144,113,5
orange,9.45,146.6,151,88,5
orange,9.46,146.61,152,75,2
orange,9.46,146.68,158,80,9
orange,9.46,146.72,157,65,6
orange,9.47,146.78,147,85,3
orange,9.47,146.95,148,96,6
orange,9.48,147.07,149,82,12
orange,9.49,147.15,151,95,14
orange,9.5,147.17,163,87,2
orange,9.52,147.18,161,78,2
orange,9.53,147.24,155,86,2
orange,9.54,147.25,165,100,2
orange,9.55,147.25,159,70,6
orange,9.55,147.3,161,89,2
orange,9.55,147.47,161,74,2
orange,9.56,147.52,154,96,2
orange,9.56,147.55,154,91,2
orange,9.56,147.87,164,114,2
orange,9.56,147.91,161,90,13
orange,9.58,148.15,148,74,2
orange,9.59,148.18,161,97,7
orange,9.6,148.41,165,67,12
orange,9.61,148.76,157,99,3
orange,9.61,148.81,147,78,12
orange,9.62,149.09,156,104,2
orange,9.63,149.34,156,89,2
orange,9.67,149.44,157,92,7
orange,9.7,149.45,152,79,12
orange,9.71,149.47,170,95,6
orange,9.73,149.68,157,88,12
orange,9.73,149.83,163,81,14
orange,9.75,149.85,160,83,4
orange,9.75,149.97,163,77,8
orange,9.75,150.12,163,96,2
orange,9.75,150.24,168,75,2
orange,9.77,150.35,147,77,14
orange,9.78,150.86,150,77,2
orange,9.79,150.88,163,78,3
orange,9.8,150.94,161,82,2
orange,9.81,151.01,162,85,2
orange,9.82,151.07,174,106,9
orange,9.82,151.21,160,96,14
orange,9.84,151.39,158,78,18
orange,9.85,151.64,158,73,2
orange,9.86,151.83,145,86,11
orange,9.89,151.87,152,72,3
orange,9.89,151.94,166,90,3
orange,9.89,152.2,142,81,12
orange,9.93,152.43,153,115,2
orange,9.93,152.68,163,82,3
orange,9.94,153.01,154,96,12
orange,9.98,153.07,158,68,3
orange,9.99,153.32,152,86,6
orange,9.99,153.59,156,81,3
orange,10.01,153.73,152,64,3
orange,10.01,153.74,165,76,2
orange,10.02,154.51,149,95,2
orange,10.04,154.77,149,83,5
orange,10.09,154.96,157,97,2
orange,10.13,155.13,162,77,2
orange,10.14,155.45,155,99,14
orange,10.18,156.24,155,84,9
orange,10.27,156.35,159,91,2
orange,10.29,156.54,149,84,2
orange,10.34,157.25,149,77,4
orange,10.45,157.42,158,65,7
orange,10.48,158.11,153,86,2
orange,10.52,158.19,153,100,5
orange,10.52,158.75,163,99,7
orange,10.55,159.14,157,75,2
orange,10.6,159.59,156,106,5
orange,10.74,159.6,150,86,6
orange,10.76,160.81,145,84,5
orange,10.87,161.08,157,110,10
orange,10.89,166.21,149,87,3
grapefruit,8.44,142.91,157,62,12
grapefruit,9.07,151.35,155,72,18
grapefruit,9.15,163.0,150,62,20
grapefruit,9.21,167.54,153,56,11
grapefruit,9.24,170.1,157,67,18
grapefruit,9.32,173.21,162,75,13
grapefruit,9.5,173.27,149,53,2
grapefruit,9.64,175.5,152,57,14
grapefruit,9.69,177.35,156,62,10
grapefruit,9.69,177.89,156,61,9
grapefruit,9.71,177.98,147,79,3
grapefruit,9.74,179.06,146,59,17
grapefruit,9.9,179.27,158,42,15
grapefruit,9.94,179.3,149,58,13
grapefruit,9.94,180.35,148,77,9
grapefruit,10.07,180.5,145,62,15
grapefruit,10.07,181.06,153,35,19
grapefruit,10.08,182.99,158,55,3
grapefruit,10.11,184.0,156,67,16
grapefruit,10.12,184.82,154,55,13
grapefruit,10.12,185.5,150,72,11
grapefruit,10.17,186.08,148,68,16
grapefruit,10.18,187.01,145,62,9
grapefruit,10.2,187.11,156,66,16
grapefruit,10.2,187.34,160,61,10
grapefruit,10.23,189.11,153,64,9
grapefruit,10.23,190.42,153,64,21
grapefruit,10.23,191.07,145,64,20
grapefruit,10.24,191.14,148,53,15
grapefruit,10.25,191.54,155,63,9
grapefruit,10.29,191.74,145,64,13
grapefruit,10.29,192.21,160,45,18
grapefruit,10.3,192.53,148,88,19
grapefruit,10.31,192.91,159,70,23
grapefruit,10.31,193.64,157,65,15
grapefruit,10.33,193.98,159,56,15
grapefruit,10.37,194.29,157,48,21
grapefruit,10.38,194.45,154,59,18
grapefruit,10.39,196.88,147,53,13
grapefruit,10.4,197.7,146,49,21
grapefruit,10.41,197.89,162,72,5
grapefruit,10.41,198.25,152,62,36
grapefruit,10.42,198.77,154,84,19
grapefruit,10.42,199.12,152,88,15
grapefruit,10.44,199.73,152,80,11
grapefruit,10.45,200.66,151,70,19
grapefruit,10.46,200.72,160,51,25
grapefruit,10.47,200.84,157,38,19
grapefruit,10.47,200.9,154,60,2
grapefruit,10.47,201.07,152,53,14
grapefruit,10.48,201.1,147,63,12
grapefruit,10.5,201.15,153,54,6
grapefruit,10.5,202.53,149,50,21
grapefruit,10.53,202.95,153,48,6
grapefruit,10.53,203.11,144,51,21
grapefruit,10.53,203.14,146,75,20
grapefruit,10.54,203.19,148,66,6
grapefruit,10.56,203.21,157,76,5
grapefruit,10.57,203.51,153,69,13
grapefruit,10.57,203.69,156,48,13
grapefruit,10.58,203.86,142,50,18
grapefruit,10.6,204.12,155,60,15
grapefruit,10.6,204.57,150,55,20
grapefruit,10.6,205.01,150,66,23
grapefruit,10.62,205.05,154,47,27
grapefruit,10.62,205.07,149,66,14
grapefruit,10.63,205.1,150,68,16
grapefruit,10.63,205.42,151,75,17
grapefruit,10.64,205.97,159,67,14
grapefruit,10.64,206.35,160,57,14
grapefruit,10.65,206.62,149,63,15
grapefruit,10.66,206.78,150,63,15
grapefruit,10.69,206.88,141,64,15
grapefruit,10.7,207.11,161,60,12
grapefruit,10.72,207.11,142,61,10
grapefruit,10.72,207.43,139,56,21
grapefruit,10.73,208.15,143,57,14
grapefruit,10.74,208.29,144,66,19
grapefruit,10.74,208.33,153,61,12
grapefruit,10.74,208.4,148,57,23
grapefruit,10.75,208.65,157,74,18
grapefruit,10.75,208.72,162,66,15
grapefruit,10.75,208.78,151,59,10
grapefruit,10.75,208.82,151,76,21
grapefruit,10.76,208.89,145,92,21
grapefruit,10.78,209.02,145,67,7
grapefruit,10.8,209.51,148,40,16
grapefruit,10.8,209.7,147,67,12
grapefruit,10.81,209.85,151,60,14
grapefruit,10.82,210.01,149,63,22
grapefruit,10.82,210.14,158,49,5
grapefruit,10.82,210.23,150,64,5
grapefruit,10.84,210.24,145,63,8
grapefruit,10.86,210.29,150,59,20
grapefruit,10.86,210.31,149,54,17
grapefruit,10.86,210.35,156,61,9
grapefruit,10.86,210.49,155,65,15
grapefruit,10.88,210.62,143,78,17
grapefruit,10.89,210.64,154,69,14
grapefruit,10.89,210.73,156,64,8
grapefruit,10.9,210.89,156,50,15
grapefruit,10.9,210.99,151,59,8
grapefruit,10.91,211.08,152,62,12
grapefruit,10.91,211.11,154,49,13
grapefruit,10.92,211.25,152,64,6
grapefruit,10.92,211.35,156,55,19
grapefruit,10.92,211.94,159,61,15
grapefruit,10.92,212.01,160,62,16
grapefruit,10.94,212.11,143,69,6
grapefruit,10.94,212.33,153,96,14
grapefruit,10.95,212.42,138,44,23
grapefruit,10.96,212.59,152,61,14
grapefruit,10.97,212.71,149,64,18
grapefruit,10.97,212.84,156,63,14
grapefruit,11.01,213.14,145,67,14
grapefruit,11.01,213.28,137,67,16
grapefruit,11.02,213.43,145,60,9
grapefruit,11.02,213.44,158,51,12
grapefruit,11.02,213.68,145,69,18
grapefruit,11.02,213.74,146,67,13
grapefruit,11.03,213.94,152,64,18
grapefruit,11.03,214.09,153,64,18
grapefruit,11.04,214.1,158,67,16
grapefruit,11.04,214.2,154,63,11
grapefruit,11.05,214.28,149,39,16
grapefruit,11.05,214.36,153,56,20
grapefruit,11.08,214.7,164,74,9
grapefruit,11.09,214.74,148,71,22
grapefruit,11.1,214.96,151,63,17
grapefruit,11.11,214.96,154,58,19
grapefruit,11.11,215.06,153,75,9
grapefruit,11.11,215.23,141,55,14
grapefruit,11.12,215.45,132,58,15
grapefruit,11.13,215.49,136,67,26
grapefruit,11.13,215.54,151,73,16
grapefruit,11.13,215.68,150,71,13
grapefruit,11.14,215.86,156,78,11
grapefruit,11.14,216.37,151,56,21
grapefruit,11.14,216.43,148,68,15
grapefruit,11.14,216.61,160,64,7
grapefruit,11.14,216.66,156,72,10
grapefruit,11.15,216.7,162,69,13
grapefruit,11.15,216.98,152,63,14
grapefruit,11.15,217.1,155,47,10
grapefruit,11.16,217.27,158,68,15
grapefruit,11.17,217.38,156,76,11
grapefruit,11.17,217.42,151,57,15
grapefruit,11.18,217.7,148,83,13
grapefruit,11.18,217.81,148,52,14
grapefruit,11.19,217.99,138,66,16
grapefruit,11.21,218.22,152,75,11
grapefruit,11.22,218.25,145,59,12
grapefruit,11.22,218.8,153,57,15
grapefruit,11.22,218.83,151,73,16
grapefruit,11.22,218.86,151,65,12
grapefruit,11.23,218.99,141,83,16
grapefruit,11.23,219.15,135,80,12
grapefruit,11.23,219.22,151,47,29
grapefruit,11.24,219.39,159,57,16
grapefruit,11.24,219.46,157,58,17
grapefruit,11.24,219.48,162,60,13
grapefruit,11.26,219.53,150,46,16
grapefruit,11.26,219.55,155,67,19
grapefruit,11.26,219.69,151,57,10
grapefruit,11.27,220.06,153,77,5
grapefruit,11.27,220.27,133,51,12
grapefruit,11.27,220.52,147,52,17
grapefruit,11.27,220.62,141,48,19
grapefruit,11.28,220.81,153,53,20
grapefruit,11.28,220.83,155,59,16
grapefruit,11.28,220.89,156,60,6
grapefruit,11.28,220.93,151,71,20
grapefruit,11.29,221.15,154,61,14
grapefruit,11.29,221.16,144,68,17
grapefruit,11.29,221.38,161,69,28
grapefruit,11.29,221.52,153,72,15
grapefruit,11.3,221.54,152,50,15
grapefruit,11.31,221.84,152,61,15
grapefruit,11.32,221.86,153,56,17
grapefruit,11.33,222.03,150,61,18
grapefruit,11.33,222.03,153,71,11
grapefruit,11.34,222.19,145,52,25
grapefruit,11.34,222.19,149,53,9
grapefruit,11.35,222.27,150,68,21
grapefruit,11.36,222.67,156,74,12
grapefruit,11.36,222.74,148,58,17
grapefruit,11.36,223.07,147,60,11
grapefruit,11.37,223.3,142,50,16
grapefruit,11.38,223.4,144,61,16
grapefruit,11.38,223.44,159,65,7
grapefruit,11.38,223.45,146,56,14
grapefruit,11.39,223.48,160,64,18
grapefruit,11.39,223.55,147,61,25
grapefruit,11.4,223.56,138,51,18
grapefruit,11.4,223.63,159,59,7
grapefruit,11.4,223.65,154,78,11
grapefruit,11.41,223.7,160,48,19
grapefruit,11.41,223.91,152,60,19
grapefruit,11.43,224.08,158,60,19
grapefruit,11.44,224.11,153,70,2
grapefruit,11.44,224.27,150,52,25
grapefruit,11.44,224.3,144,45,8
grapefruit,11.44,224.32,152,51,19
grapefruit,11.44,224.39,148,71,20
grapefruit,11.46,224.55,136,55,15
grapefruit,11.46,224.57,157,58,16
grapefruit,11.46,224.58,154,63,2
grapefruit,11.47,224.6,156,51,18
grapefruit,11.47,224.62,156,47,20
grapefruit,11.47,224.63,145,73,15
grapefruit,11.48,224.77,149,85,19
grapefruit,11.48,224.83,149,87,26
grapefruit,11.48,225.22,151,43,21
grapefruit,11.48,225.39,157,72,10
grapefruit,11.49,225.41,140,62,25
grapefruit,11.5,225.46,154,51,14
grapefruit,11.5,225.54,142,65,23
grapefruit,11.5,225.61,150,54,14
grapefruit,11.5,225.72,149,61,14
grapefruit,11.51,225.9,143,63,11
grapefruit,11.51,225.91,138,81,20
grapefruit,11.51,225.99,150,60,16
grapefruit,11.52,226.09,156,52,23
grapefruit,11.52,226.22,157,54,10
grapefruit,11.52,226.29,140,67,10
grapefruit,11.53,226.31,154,66,2
grapefruit,11.53,226.34,157,47,12
grapefruit,11.53,226.5,160,41,19
grapefruit,11.53,226.56,147,56,7
grapefruit,11.53,226.74,151,69,19
grapefruit,11.53,226.93,165,66,24
grapefruit,11.54,226.97,152,53,11
grapefruit,11.54,227.13,157,64,17
grapefruit,11.54,227.17,151,66,12
grapefruit,11.55,227.27,156,53,16
grapefruit,11.55,227.53,150,61,13
grapefruit,11.55,227.54,156,54,26
grapefruit,11.56,227.56,147,59,17
grapefruit,11.56,227.68,149,56,17
grapefruit,11.56,227.83,151,68,23
grapefruit,11.57,227.84,154,67,11
grapefruit,11.57,227.96,151,48,15
grapefruit,11.57,228.05,152,68,29
grapefruit,11.59,228.07,146,53,19
grapefruit,11.59,228.15,147,53,14
grapefruit,11.59,228.15,161,63,9
grapefruit,11.6,228.22,158,67,15
grapefruit,11.6,228.24,159,80,8
grapefruit,11.61,228.29,159,62,21
grapefruit,11.61,228.32,155,59,20
grapefruit,11.61,228.39,155,49,24
grapefruit,11.62,228.43,156,63,18
grapefruit,11.62,228.57,153,56,13
grapefruit,11.63,228.63,162,50,22
grapefruit,11.64,228.65,148,59,13
grapefruit,11.64,228.65,140,64,11
grapefruit,11.64,228.7,165,51,25
grapefruit,11.64,228.72,159,54,12
grapefruit,11.64,228.74,141,48,24
grapefruit,11.64,228.92,156,58,18
grapefruit,11.65,229.04,150,63,24
grapefruit,11.66,229.32,156,50,20
grapefruit,11.66,229.36,165,72,26
grapefruit,11.66,229.49,139,61,16
grapefruit,11.67,229.58,149,56,9
grapefruit,11.68,229.85,158,70,13
grapefruit,11.68,229.85,151,60,18
grapefruit,11.68,229.96,154,66,6
grapefruit,11.69,229.97,152,43,6
grapefruit,11.69,229.99,141,46,16
grapefruit,11.69,230.1,167,65,22
grapefruit,11.69,230.21,150,76,17
grapefruit,11.69,230.26,155,59,19
grapefruit,11.7,230.39,148,49,27
grapefruit,11.71,230.47,145,49,10
grapefruit,11.71,230.48,162,56,14
grapefruit,11.71,230.64,157,67,25
grapefruit,11.72,230.64,155,57,23
grapefruit,11.72,230.69,155,61,19
grapefruit,11.72,230.74,157,68,19
grapefruit,11.73,230.75,158,87,9
grapefruit,11.73,230.89,145,76,12
grapefruit,11.73,230.97,148,61,15
grapefruit,11.73,231.01,154,78,16
grapefruit,11.74,231.01,157,77,24
grapefruit,11.74,231.08,149,53,23
grapefruit,11.74,231.11,150,70,14
grapefruit,11.74,231.22,152,46,9
grapefruit,11.76,231.4,152,70,20
grapefruit,11.76,231.6,155,58,7
grapefruit,11.77,231.73,163,84,23
grapefruit,11.77,231.87,138,59,17
grapefruit,11.77,231.99,149,45,28
grapefruit,11.78,232.0,155,75,11
grapefruit,11.78,232.26,144,68,11
grapefruit,11.78,232.34,142,51,15
grapefruit,11.79,232.34,138,69,12
grapefruit,11.8,232.46,154,60,14
grapefruit,11.8,232.52,150,64,18
grapefruit,11.8,232.57,152,80,22
grapefruit,11.81,232.62,154,57,19
grapefruit,11.81,232.73,155,87,12
grapefruit,11.81,232.85,157,60,17
grapefruit,11.81,232.85,159,63,17
grapefruit,11.82,233.3,148,74,20
grapefruit,11.82,233.42,159,57,23
grapefruit,11.82,233.48,142,67,10
grapefruit,11.83,233.53,144,65,10
grapefruit,11.83,233.75,143,72,17
grapefruit,11.83,233.77,152,65,13
grapefruit,11.85,233.96,146,50,15
grapefruit,11.85,234.26,154,86,4
grapefruit,11.85,234.3,153,49,21
grapefruit,11.85,234.34,145,75,11
grapefruit,11.87,234.35,157,53,19
grapefruit,11.88,234.49,147,63,17
grapefruit,11.88,234.65,148,51,7
grapefruit,11.89,234.65,164,64,22
grapefruit,11.89,234.85,144,51,14
grapefruit,11.89,234.88,148,70,19
grapefruit,11.9,234.91,161,40,7
grapefruit,11.9,234.91,146,47,13
grapefruit,11.9,234.97,148,60,16
grapefruit,11.91,234.97,156,60,24
grapefruit,11.91,235.02,144,66,11
grapefruit,11.93,235.04,156,86,7
grapefruit,11.93,235.2,153,59,9
grapefruit,11.93,235.26,144,47,20
grapefruit,11.94,235.35,149,52,9
grapefruit,11.94,235.35,163,59,7
grapefruit,11.94,235.57,146,47,6
grapefruit,11.95,235.59,146,62,12
grapefruit,11.95,235.67,153,75,22
grapefruit,11.95,235.82,163,68,13
grapefruit,11.96,235.84,157,56,16
grapefruit,11.96,235.85,152,73,22
grapefruit,11.98,236.1,157,52,16
grapefruit,11.98,236.13,155,77,11
grapefruit,11.98,236.14,153,71,8
grapefruit,11.99,236.27,160,73,24
grapefruit,11.99,236.4,156,39,19
grapefruit,12.0,236.4,157,75,21
grapefruit,12.0,236.5,150,80,11
grapefruit,12.0,236.5,145,56,24
grapefruit,12.01,236.53,157,57,19
grapefruit,12.01,236.58,146,44,10
grapefruit,12.02,236.78,147,66,17
grapefruit,12.02,236.87,147,58,31
grapefruit,12.02,236.91,141,65,19
grapefruit,12.02,236.92,155,60,10
grapefruit,12.03,236.95,156,53,20
grapefruit,12.03,236.96,145,68,15
grapefruit,12.03,237.01,158,60,27
grapefruit,12.04,237.11,158,68,16
grapefruit,12.05,237.16,141,56,19
grapefruit,12.05,237.39,149,59,11
grapefruit,12.05,237.44,149,62,26
grapefruit,12.05,237.5,156,66,15
grapefruit,12.05,237.57,152,28,16
grapefruit,12.06,237.8,154,73,18
grapefruit,12.06,237.95,163,55,15
grapefruit,12.07,237.96,155,73,6
grapefruit,12.07,237.99,138,66,18
grapefruit,12.07,238.09,146,68,18
grapefruit,12.07,238.3,153,62,13
grapefruit,12.08,238.48,159,55,9
grapefruit,12.08,238.53,149,74,10
grapefruit,12.08,238.53,158,64,12
grapefruit,12.08,238.54,145,65,10
grapefruit,12.08,238.59,155,73,21
grapefruit,12.09,238.71,155,59,24
grapefruit,12.09,238.78,158,66,11
grapefruit,12.09,238.79,153,50,5
grapefruit,12.1,239.01,157,71,9
grapefruit,12.11,239.05,146,57,7
grapefruit,12.11,239.17,153,82,14
grapefruit,12.12,239.19,138,57,7
grapefruit,12.13,239.23,153,61,12
grapefruit,12.13,239.39,152,34,23
grapefruit,12.13,239.53,156,62,17
grapefruit,12.14,239.71,150,48,29
grapefruit,12.15,239.73,150,76,9
grapefruit,12.15,239.84,155,74,19
grapefruit,12.15,239.91,150,69,23
grapefruit,12.16,239.99,152,75,15
grapefruit,12.16,240.17,158,71,2
grapefruit,12.17,240.18,148,56,19
grapefruit,12.17,240.24,152,79,16
grapefruit,12.18,240.28,154,71,9
grapefruit,12.19,240.31,154,59,6
grapefruit,12.2,240.32,152,49,24
grapefruit,12.2,240.33,163,80,18
grapefruit,12.2,240.39,139,61,11
grapefruit,12.2,240.63,154,70,10
grapefruit,12.2,240.85,157,53,12
grapefruit,12.2,241.1,141,67,28
grapefruit,12.2,241.31,155,69,13
grapefruit,12.21,241.38,144,53,13
grapefruit,12.21,241.38,152,80,15
grapefruit,12.21,241.52,154,68,16
grapefruit,12.21,241.54,150,71,7
grapefruit,12.21,241.83,152,83,14
grapefruit,12.21,241.84,153,54,18
grapefruit,12.21,241.87,155,58,14
grapefruit,12.22,241.88,157,60,11
grapefruit,12.22,242.01,155,61,16
grapefruit,12.23,242.1,160,52,8
grapefruit,12.23,242.23,148,45,8
grapefruit,12.24,242.24,148,59,20
grapefruit,12.25,242.25,153,66,20
grapefruit,12.25,242.3,150,61,26
grapefruit,12.25,242.38,156,60,15
grapefruit,12.26,242.4,152,33,14
grapefruit,12.26,242.6,156,63,5
grapefruit,12.27,242.61,152,62,10
grapefruit,12.27,242.63,148,40,13
grapefruit,12.27,242.66,141,71,8
grapefruit,12.28,242.71,146,68,17
grapefruit,12.28,242.74,152,61,20
grapefruit,12.29,242.81,154,50,4
grapefruit,12.29,242.85,145,66,11
grapefruit,12.3,242.92,146,48,9
grapefruit,12.3,242.97,148,45,14
grapefruit,12.3,243.13,164,70,18
grapefruit,12.3,243.18,159,64,18
grapefruit,12.31,243.24,154,60,17
grapefruit,12.32,243.34,156,48,5
grapefruit,12.32,243.34,155,60,12
grapefruit,12.32,243.37,135,77,11
grapefruit,12.33,243.51,165,48,23
grapefruit,12.33,243.52,150,67,19
grapefruit,12.33,243.61,151,71,10
grapefruit,12.33,243.64,147,65,30
grapefruit,12.34,243.71,158,58,18
grapefruit,12.34,243.71,156,70,2
grapefruit,12.34,243.79,157,49,6
grapefruit,12.34,243.82,140,61,17
grapefruit,12.34,243.83,145,61,19
grapefruit,12.35,243.83,160,67,11
grapefruit,12.35,243.87,149,60,25
grapefruit,12.35,243.95,150,65,15
grapefruit,12.35,244.13,152,72,20
grapefruit,12.37,244.15,149,43,17
grapefruit,12.37,244.4,145,73,19
grapefruit,12.37,244.54,143,57,13
grapefruit,12.37,244.62,155,55,11
grapefruit,12.37,244.64,158,83,18
grapefruit,12.37,244.67,155,79,7
grapefruit,12.38,244.72,146,55,15
grapefruit,12.38,244.82,153,62,18
grapefruit,12.38,244.82,153,67,20
grapefruit,12.39,244.84,149,83,11
grapefruit,12.39,244.95,157,39,9
grapefruit,12.39,245.09,149,67,15
grapefruit,12.4,245.42,156,62,24
grapefruit,12.4,245.51,144,56,19
grapefruit,12.41,245.62,158,69,7
grapefruit,12.41,245.63,148,62,22
grapefruit,12.41,245.7,152,71,16
grapefruit,12.41,245.74,155,70,13
grapefruit,12.41,245.9,140,62,11
grapefruit,12.41,245.91,154,66,33
grapefruit,12.42,246.04,155,72,4
grapefruit,12.43,246.09,146,47,22
grapefruit,12.43,246.14,142,49,13
grapefruit,12.43,246.18,161,64,10
grapefruit,12.43,246.26,156,56,11
grapefruit,12.43,246.26,160,52,20
grapefruit,12.43,246.29,156,53,30
grapefruit,12.43,246.35,139,61,11
grapefruit,12.44,246.35,152,76,6
grapefruit,12.44,246.4,148,62,5
grapefruit,12.44,246.44,158,77,7
grapefruit,12.44,246.47,169,62,11
grapefruit,12.45,246.51,149,68,19
grapefruit,12.45,246.56,139,62,21
grapefruit,12.45,246.62,159,65,13
grapefruit,12.45,246.71,165,65,20
grapefruit,12.45,246.72,155,62,21
grapefruit,12.45,246.74,158,69,11
grapefruit,12.45,246.76,149,53,6
grapefruit,12.46,246.78,161,64,15
grapefruit,12.47,246.8,149,70,9
grapefruit,12.47,246.82,158,80,10
grapefruit,12.47,246.84,137,65,10
grapefruit,12.48,246.85,151,53,13
grapefruit,12.48,246.97,154,60,15
grapefruit,12.48,246.98,145,71,9
grapefruit,12.48,247.19,164,61,10
grapefruit,12.5,247.26,145,77,10
grapefruit,12.5,247.35,167,56,17
grapefruit,12.5,247.36,146,61,16
grapefruit,12.51,247.39,141,64,7
grapefruit,12.51,247.4,153,50,19
grapefruit,12.51,247.55,153,76,20
grapefruit,12.52,247.57,153,52,22
grapefruit,12.52,247.71,147,64,21
grapefruit,12.53,247.71,150,55,13
grapefruit,12.53,247.75,153,52,11
grapefruit,12.53,247.9,159,76,24
grapefruit,12.54,247.92,146,65,11
grapefruit,12.54,247.97,151,65,17
grapefruit,12.54,248.02,160,73,19
grapefruit,12.54,248.12,159,46,21
grapefruit,12.54,248.24,164,73,6
grapefruit,12.54,248.25,158,78,19
grapefruit,12.54,248.36,151,78,4
grapefruit,12.55,248.38,146,74,12
grapefruit,12.55,248.43,147,58,18
grapefruit,12.55,248.43,149,71,13
grapefruit,12.56,248.54,148,62,16
grapefruit,12.57,248.55,155,73,8
grapefruit,12.57,248.61,156,65,5
grapefruit,12.57,248.86,156,56,18
grapefruit,12.57,248.89,149,52,21
grapefruit,12.58,248.92,160,65,20
grapefruit,12.58,248.94,146,68,17
grapefruit,12.58,248.99,150,68,6
grapefruit,12.59,249.04,156,43,26
grapefruit,12.59,249.1,151,54,19
grapefruit,12.59,249.1,162,60,19
grapefruit,12.6,249.13,150,30,13
grapefruit,12.6,249.13,154,75,14
grapefruit,12.6,249.15,147,73,15
grapefruit,12.61,249.22,156,93,10
grapefruit,12.61,249.31,159,62,27
grapefruit,12.61,249.32,153,63,14
grapefruit,12.61,249.32,150,45,4
grapefruit,12.62,249.58,151,80,19
grapefruit,12.62,249.72,159,69,8
grapefruit,12.63,249.77,150,46,15
grapefruit,12.63,249.78,148,66,22
grapefruit,12.64,249.8,149,69,25
grapefruit,12.64,249.87,152,63,17
grapefruit,12.64,249.9,156,72,16
grapefruit,12.64,249.92,156,60,28
grapefruit,12.65,249.94,149,77,24
grapefruit,12.65,250.02,145,56,14
grapefruit,12.66,250.35,149,60,21
grapefruit,12.66,250.36,148,71,2
grapefruit,12.67,250.42,144,56,24
grapefruit,12.67,250.5,149,52,15
grapefruit,12.67,250.5,156,68,14
grapefruit,12.67,250.54,157,64,20
grapefruit,12.67,250.61,153,67,12
grapefruit,12.67,250.62,153,50,25
grapefruit,12.69,250.69,146,65,8
grapefruit,12.69,250.77,148,81,23
grapefruit,12.7,250.8,158,65,13
grapefruit,12.7,250.81,151,52,19
grapefruit,12.72,250.82,153,76,15
grapefruit,12.72,250.99,139,54,14
grapefruit,12.72,251.29,142,66,14
grapefruit,12.72,251.5,151,68,12
grapefruit,12.72,251.65,144,81,14
grapefruit,12.72,251.66,156,79,6
grapefruit,12.73,251.72,147,56,16
grapefruit,12.73,251.83,154,79,12
grapefruit,12.74,251.84,155,67,16
grapefruit,12.74,251.89,149,60,15
grapefruit,12.75,251.94,156,74,13
grapefruit,12.75,252.01,165,64,10
grapefruit,12.75,252.4,142,64,18
grapefruit,12.75,252.41,145,82,11
grapefruit,12.75,252.62,148,53,12
grapefruit,12.76,252.64,150,55,21
grapefruit,12.76,252.78,163,70,11
grapefruit,12.77,252.81,141,54,14
grapefruit,12.77,252.91,150,63,19
grapefruit,12.78,253.04,156,72,18
grapefruit,12.78,253.23,147,71,18
grapefruit,12.78,253.27,153,48,15
grapefruit,12.79,253.56,159,46,2
grapefruit,12.79,253.76,155,67,17
grapefruit,12.79,253.77,151,54,20
grapefruit,12.79,253.84,154,59,6
grapefruit,12.8,253.91,149,48,19
grapefruit,12.8,254.0,156,74,12
grapefruit,12.8,254.06,160,66,14
grapefruit,12.81,254.2,150,65,28
grapefruit,12.81,254.22,150,46,13
grapefruit,12.82,254.27,143,50,22
grapefruit,12.82,254.39,150,80,11
grapefruit,12.82,254.4,155,69,8
grapefruit,12.82,254.54,146,69,15
grapefruit,12.83,254.57,160,69,15
grapefruit,12.83,254.69,141,51,12
grapefruit,12.83,254.69,139,71,7
grapefruit,12.83,254.89,154,51,17
grapefruit,12.83,254.92,155,58,11
grapefruit,12.84,254.92,151,58,14
grapefruit,12.86,255.08,152,62,6
grapefruit,12.86,255.17,145,73,19
grapefruit,12.86,255.3,145,55,16
grapefruit,12.87,255.48,158,53,11
grapefruit,12.88,255.55,152,41,12
grapefruit,12.88,255.59,151,67,17
grapefruit,12.88,255.61,155,65,11
grapefruit,12.88,255.66,157,70,18
grapefruit,12.89,255.75,153,73,16
grapefruit,12.89,255.86,159,74,26
grapefruit,12.89,255.93,151,47,12
grapefruit,12.9,256.19,147,65,17
grapefruit,12.9,256.21,155,76,6
grapefruit,12.9,256.24,146,62,20
grapefruit,12.9,256.25,156,48,18
grapefruit,12.9,256.29,158,67,17
grapefruit,12.91,256.41,151,72,19
grapefruit,12.91,256.43,162,52,15
grapefruit,12.92,256.48,150,53,13
grapefruit,12.93,256.49,152,58,12
grapefruit,12.93,256.51,149,42,19
grapefruit,12.93,256.52,148,56,15
grapefruit,12.93,256.57,149,53,15
grapefruit,12.93,256.76,148,54,8
grapefruit,12.95,256.82,144,87,26
grapefruit,12.95,256.83,147,64,20
grapefruit,12.97,257.06,160,58,23
grapefruit,12.97,257.09,158,82,16
grapefruit,12.97,257.09,150,54,12
grapefruit,12.97,257.22,153,62,14
grapefruit,12.97,257.28,148,51,15
grapefruit,12.98,257.38,147,64,26
grapefruit,12.99,257.39,148,59,7
grapefruit,12.99,257.4,158,59,27
grapefruit,12.99,257.4,164,56,20
grapefruit,12.99,257.49,165,67,13
grapefruit,13.0,257.73,150,68,15
grapefruit,13.01,257.74,154,77,18
grapefruit,13.01,257.8,161,73,12
grapefruit,13.01,257.83,147,64,7
grapefruit,13.01,257.85,149,56,17
grapefruit,13.01,257.88,153,58,21
grapefruit,13.02,258.0,149,84,16
grapefruit,13.02,258.11,148,60,14
grapefruit,13.02,258.16,140,61,3
grapefruit,13.02,258.27,144,63,11
grapefruit,13.03,258.28,147,57,24
grapefruit,13.03,258.32,146,73,13
grapefruit,13.04,258.42,154,70,26
grapefruit,13.04,258.45,151,79,20
grapefruit,13.05,258.8,151,50,6
grapefruit,13.05,258.82,152,62,14
grapefruit,13.06,258.83,148,68,16
grapefruit,13.06,258.87,157,72,14
grapefruit,13.06,258.96,146,62,10
grapefruit,13.06,259.06,159,62,18
grapefruit,13.07,259.07,152,53,5
grapefruit,13.07,259.09,144,73,15
grapefruit,13.07,259.21,155,64,7
grapefruit,13.07,259.48,151,55,3
grapefruit,13.07,259.49,149,73,15
grapefruit,13.07,259.64,158,41,23
grapefruit,13.08,259.7,157,49,24
grapefruit,13.08,259.8,139,43,12
grapefruit,13.08,259.98,150,64,19
grapefruit,13.09,260.06,152,54,11
grapefruit,13.09,260.08,150,66,8
grapefruit,13.09,260.14,143,56,2
grapefruit,13.09,260.17,143,66,19
grapefruit,13.09,260.23,149,71,3
grapefruit,13.09,260.27,160,60,9
grapefruit,13.09,260.55,147,64,17
grapefruit,13.11,260.58,141,76,20
grapefruit,13.11,260.59,153,87,8
grapefruit,13.11,260.63,148,57,19
grapefruit,13.11,260.67,157,68,14
grapefruit,13.12,260.69,152,56,20
grapefruit,13.12,260.81,160,54,22
grapefruit,13.13,260.88,144,76,14
grapefruit,13.13,260.95,153,72,20
grapefruit,13.13,261.02,155,49,18
grapefruit,13.14,261.06,146,57,12
grapefruit,13.14,261.1,145,45,12
grapefruit,13.14,261.12,155,45,21
grapefruit,13.14,261.13,149,52,8
grapefruit,13.15,261.39,144,56,15
grapefruit,13.15,261.4,158,70,21
grapefruit,13.15,261.43,147,63,16
grapefruit,13.16,261.48,153,70,21
grapefruit,13.16,261.53,152,61,13
grapefruit,13.16,261.53,158,54,12
grapefruit,13.17,261.71,148,57,14
grapefruit,13.17,261.88,155,63,7
grapefruit,13.17,261.96,152,52,17
grapefruit,13.17,262.06,152,57,14
grapefruit,13.17,262.1,142,70,19
grapefruit,13.17,262.1,149,49,12
grapefruit,13.18,262.19,149,64,24
grapefruit,13.18,262.21,156,51,13
grapefruit,13.18,262.29,143,52,16
grapefruit,13.18,262.34,153,52,11
grapefruit,13.18,262.37,153,63,9
grapefruit,13.18,262.43,152,52,10
grapefruit,13.18,262.59,147,69,22
grapefruit,13.19,262.64,154,64,3
grapefruit,13.19,262.89,156,63,8
grapefruit,13.2,262.9,152,67,14
grapefruit,13.2,262.99,147,53,17
grapefruit,13.21,263.07,159,70,26
grapefruit,13.21,263.08,147,64,27
grapefruit,13.21,263.21,150,52,9
grapefruit,13.22,263.31,149,68,11
grapefruit,13.22,263.38,152,75,14
grapefruit,13.23,263.44,148,63,17
grapefruit,13.23,263.48,158,49,31
grapefruit,13.23,263.57,158,58,22
grapefruit,13.23,263.61,159,74,22
grapefruit,13.24,263.64,145,63,18
grapefruit,13.24,263.64,153,60,21
grapefruit,13.26,263.66,161,66,18
grapefruit,13.26,263.75,150,76,22
grapefruit,13.26,263.83,152,62,28
grapefruit,13.26,264.07,140,48,15
grapefruit,13.26,264.46,141,62,15
grapefruit,13.26,264.57,147,68,17
grapefruit,13.26,264.61,145,67,15
grapefruit,13.27,264.62,158,61,16
grapefruit,13.28,264.65,149,81,17
grapefruit,13.28,264.85,146,70,11
grapefruit,13.29,264.92,160,55,9
grapefruit,13.29,265.03,145,64,7
grapefruit,13.29,265.05,141,69,21
grapefruit,13.29,265.3,148,68,14
grapefruit,13.29,265.43,148,58,19
grapefruit,13.29,265.43,148,41,25
grapefruit,13.3,265.45,156,57,3
grapefruit,13.3,265.47,147,47,16
grapefruit,13.3,265.62,152,82,9
grapefruit,13.3,265.74,152,76,14
grapefruit,13.3,265.89,150,68,8
grapefruit,13.31,265.99,152,64,23
grapefruit,13.31,266.24,156,64,21
grapefruit,13.31,266.38,162,59,13
grapefruit,13.33,266.42,147,53,19
grapefruit,13.34,266.53,156,62,16
grapefruit,13.34,266.58,158,53,10
grapefruit,13.34,266.72,157,74,2
grapefruit,13.35,266.75,143,69,20
grapefruit,13.35,266.77,152,87,12
grapefruit,13.36,266.84,152,67,29
grapefruit,13.37,266.85,151,83,3
grapefruit,13.37,266.89,148,49,13
grapefruit,13.37,266.9,145,41,21
grapefruit,13.38,266.94,149,62,15
grapefruit,13.38,267.02,147,64,23
grapefruit,13.38,267.07,156,51,12
grapefruit,13.38,267.14,159,59,13
grapefruit,13.39,267.18,158,68,2
grapefruit,13.39,267.23,149,72,6
grapefruit,13.4,267.32,149,65,19
grapefruit,13.41,267.35,156,49,9
grapefruit,13.41,267.37,139,72,11
grapefruit,13.41,267.38,152,66,24
grapefruit,13.42,267.4,144,49,20
grapefruit,13.43,267.66,148,53,21
grapefruit,13.43,267.76,143,41,2
grapefruit,13.43,267.89,142,74,6
grapefruit,13.44,267.99,155,75,17
grapefruit,13.45,268.02,158,75,20
grapefruit,13.46,268.19,141,70,19
grapefruit,13.46,268.28,146,54,14
grapefruit,13.46,268.3,151,64,14
grapefruit,13.47,268.42,142,48,9
grapefruit,13.47,268.57,150,68,20
grapefruit,13.47,268.59,155,73,15
grapefruit,13.47,268.62,144,56,13
grapefruit,13.49,268.78,158,62,21
grapefruit,13.49,268.94,155,53,19
grapefruit,13.49,269.08,144,57,14
grapefruit,13.5,269.15,142,54,3
grapefruit,13.51,269.42,138,63,17
grapefruit,13.51,269.57,158,28,23
grapefruit,13.52,269.57,161,60,13
grapefruit,13.52,269.7,158,78,16
grapefruit,13.53,269.7,161,67,20
grapefruit,13.53,269.76,160,63,15
grapefruit,13.53,269.77,150,82,16
grapefruit,13.54,269.82,153,66,18
grapefruit,13.54,269.87,152,70,13
grapefruit,13.54,269.99,152,79,14
grapefruit,13.54,270.16,158,57,15
grapefruit,13.54,270.2,155,57,15
grapefruit,13.54,270.41,146,76,12
grapefruit,13.55,270.43,150,58,11
grapefruit,13.55,270.47,149,59,16
grapefruit,13.55,270.57,156,65,11
grapefruit,13.55,270.59,149,72,13
grapefruit,13.56,270.65,142,72,23
grapefruit,13.56,270.76,152,71,20
grapefruit,13.56,271.08,142,77,15
grapefruit,13.56,271.15,148,50,6
grapefruit,13.57,271.21,147,60,13
grapefruit,13.57,271.32,143,54,15
grapefruit,13.58,271.33,156,54,13
grapefruit,13.59,271.35,160,53,27
grapefruit,13.59,271.58,161,53,17
grapefruit,13.59,271.67,146,86,24
grapefruit,13.6,271.75,155,63,23
grapefruit,13.6,271.87,154,56,22
grapefruit,13.61,272.08,148,57,22
grapefruit,13.62,272.13,147,75,6
grapefruit,13.62,272.14,151,57,16
grapefruit,13.62,272.17,150,52,9
grapefruit,13.62,272.19,149,57,24
grapefruit,13.64,272.4,139,74,22
grapefruit,13.64,272.45,152,63,22
grapefruit,13.64,272.64,146,64,22
grapefruit,13.65,272.67,153,46,14
grapefruit,13.65,273.05,151,59,25
grapefruit,13.65,273.13,155,71,16
grapefruit,13.66,273.2,153,62,18
grapefruit,13.66,273.27,147,75,11
grapefruit,13.67,273.3,145,65,16
grapefruit,13.67,273.33,162,72,7
grapefruit,13.68,273.52,157,59,7
grapefruit,13.68,273.62,141,67,6
grapefruit,13.69,273.69,148,44,19
grapefruit,13.69,273.8,150,61,23
grapefruit,13.69,273.89,144,73,32
grapefruit,13.69,273.96,145,79,19
grapefruit,13.69,273.97,161,59,10
grapefruit,13.69,274.0,151,73,16
grapefruit,13.71,274.06,157,65,6
grapefruit,13.71,274.19,149,52,18
grapefruit,13.71,274.39,147,73,22
grapefruit,13.71,274.43,139,58,12
grapefruit,13.71,274.46,156,49,14
grapefruit,13.72,274.46,153,60,15
grapefruit,13.72,274.54,159,58,13
grapefruit,13.75,274.9,155,50,20
grapefruit,13.75,274.93,149,53,23
grapefruit,13.75,274.96,149,69,8
grapefruit,13.78,274.99,154,38,17
grapefruit,13.79,275.05,148,52,15
grapefruit,13.79,275.06,150,69,9
grapefruit,13.8,275.07,146,63,20
grapefruit,13.81,275.1,158,61,29
grapefruit,13.81,275.53,148,69,7
grapefruit,13.82,275.69,151,64,12
grapefruit,13.82,275.74,155,50,8
grapefruit,13.83,275.94,151,52,18
grapefruit,13.83,276.03,152,66,15
grapefruit,13.84,276.08,145,54,17
grapefruit,13.84,276.38,154,55,12
grapefruit,13.84,276.52,151,61,16
grapefruit,13.84,276.73,161,55,16
grapefruit,13.84,276.99,152,63,17
grapefruit,13.86,277.08,157,43,14
grapefruit,13.88,277.17,148,64,21
grapefruit,13.88,277.47,158,63,19
grapefruit,13.89,277.49,153,76,14
grapefruit,13.89,277.64,148,75,9
grapefruit,13.89,277.8,152,79,19
grapefruit,13.9,277.92,156,58,28
grapefruit,13.91,277.99,151,40,12
grapefruit,13.91,278.04,159,56,24
grapefruit,13.91,278.19,153,58,11
grapefruit,13.92,278.53,151,57,19
grapefruit,13.92,278.57,151,50,14
grapefruit,13.93,278.74,149,63,12
grapefruit,13.93,278.79,149,71,11
grapefruit,13.94,278.83,165,60,19
grapefruit,13.94,278.83,154,60,23
grapefruit,13.94,279.05,154,57,22
grapefruit,13.95,279.16,155,66,16
grapefruit,13.95,279.18,151,57,7
grapefruit,13.95,279.37,151,59,19
grapefruit,13.96,279.8,160,48,2
grapefruit,13.98,279.92,159,62,15
grapefruit,13.99,279.93,156,53,16
grapefruit,13.99,280.12,152,76,20
grapefruit,13.99,280.18,157,69,15
grapefruit,13.99,280.35,143,66,17
grapefruit,13.99,280.87,155,70,13
grapefruit,14.0,280.94,139,58,22
grapefruit,14.0,281.39,149,45,15
grapefruit,14.01,281.68,148,71,8
grapefruit,14.01,281.8,157,76,8
grapefruit,14.02,281.9,143,85,17
grapefruit,14.05,282.04,151,51,13
grapefruit,14.05,282.07,140,69,8
grapefruit,14.07,282.09,166,62,15
grapefruit,14.07,282.16,156,51,19
grapefruit,14.08,282.23,148,75,30
grapefruit,14.1,282.24,148,66,18
grapefruit,14.11,282.29,144,64,16
grapefruit,14.11,282.62,150,70,11
grapefruit,14.12,282.65,152,55,9
grapefruit,14.12,282.98,154,66,11
grapefruit,14.12,283.1,153,62,19
grapefruit,14.13,283.3,144,68,18
grapefruit,14.13,283.47,155,61,25
grapefruit,14.13,283.49,147,61,19
grapefruit,14.13,283.7,157,74,12
grapefruit,14.14,284.04,151,62,10
grapefruit,14.14,284.24,160,75,14
grapefruit,14.15,284.45,146,60,15
grapefruit,14.16,284.49,156,66,12
grapefruit,14.16,284.49,145,64,20
grapefruit,14.17,284.63,158,76,2
grapefruit,14.18,285.03,155,65,11
grapefruit,14.18,285.03,154,59,15
grapefruit,14.2,285.13,149,45,12
grapefruit,14.23,285.23,155,68,12
grapefruit,14.23,285.41,159,35,18
grapefruit,14.23,285.74,149,68,13
grapefruit,14.25,285.89,161,51,12
grapefruit,14.27,286.15,150,47,16
grapefruit,14.28,286.22,141,51,22
grapefruit,14.29,286.23,148,65,21
grapefruit,14.29,286.59,143,79,17
grapefruit,14.29,286.64,154,68,13
grapefruit,14.3,286.98,146,79,14
grapefruit,14.3,287.02,139,53,9
grapefruit,14.3,287.32,154,52,4
grapefruit,14.3,287.42,142,62,23
grapefruit,14.32,287.54,145,62,13
grapefruit,14.32,287.55,146,57,20
grapefruit,14.32,287.62,157,47,21
grapefruit,14.33,287.63,160,67,16
grapefruit,14.33,287.82,140,55,13
grapefruit,14.33,287.92,152,81,15
grapefruit,14.33,288.64,139,71,4
grapefruit,14.33,288.64,152,58,26
grapefruit,14.34,288.78,151,64,30
grapefruit,14.34,288.87,151,70,18
grapefruit,14.35,289.11,146,64,9
grapefruit,14.36,289.21,151,57,17
grapefruit,14.37,289.53,148,59,19
grapefruit,14.38,290.05,151,60,11
grapefruit,14.38,290.46,165,58,13
grapefruit,14.38,290.75,158,63,5
grapefruit,14.39,290.75,159,72,13
grapefruit,14.4,291.02,149,51,15
grapefruit,14.4,291.31,150,52,11
grapefruit,14.41,291.7,137,60,14
grapefruit,14.42,291.79,160,63,19
grapefruit,14.44,292.03,145,67,5
grapefruit,14.46,292.15,155,62,6
grapefruit,14.47,292.32,155,62,7
grapefruit,14.47,292.34,160,69,26
grapefruit,14.49,292.99,144,48,12
grapefruit,14.5,293.0,147,33,14
grapefruit,14.51,293.1,153,52,30
grapefruit,14.52,293.17,157,75,11
grapefruit,14.56,293.22,162,67,14
grapefruit,14.6,293.28,143,71,26
grapefruit,14.6,293.38,149,47,11
grapefruit,14.61,293.62,154,72,13
grapefruit,14.62,293.62,154,80,21
grapefruit,14.66,294.13,149,40,8
grapefruit,14.67,294.22,143,66,18
grapefruit,14.7,295.11,148,58,11
grapefruit,14.7,295.19,153,65,13
grapefruit,14.71,295.57,145,48,10
grapefruit,14.72,296.39,161,63,16
grapefruit,14.72,296.5,148,48,12
grapefruit,14.73,296.53,156,68,17
grapefruit,14.76,296.91,156,70,14
grapefruit,14.78,296.94,148,71,10
grapefruit,14.8,297.18,155,56,22
grapefruit,14.82,297.44,158,56,14
grapefruit,14.84,297.62,156,65,13
grapefruit,14.85,297.82,141,67,14
grapefruit,14.86,298.17,143,62,10
grapefruit,14.86,298.79,145,60,13
grapefruit,14.87,298.98,147,72,16
grapefruit,14.87,299.3,151,65,17
grapefruit,14.87,299.51,139,56,24
grapefruit,14.89,299.91,149,56,19
grapefruit,14.89,300.13,153,53,14
grapefruit,14.89,300.55,153,87,14
grapefruit,14.94,300.88,139,53,10
grapefruit,14.97,302.84,147,52,18
grapefruit,14.98,303.18,142,70,18
grapefruit,14.98,303.43,152,69,10
grapefruit,14.99,303.74,156,65,19
grapefruit,14.99,303.8,161,72,15
grapefruit,15.02,304.28,156,65,8
grapefruit,15.04,304.46,155,64,14
grapefruit,15.05,304.71,140,83,19
grapefruit,15.06,305.71,147,62,17
grapefruit,15.11,305.77,160,61,20
grapefruit,15.16,306.18,148,67,15
grapefruit,15.17,306.82,141,56,13
grapefruit,15.23,306.91,168,74,20
grapefruit,15.29,307.78,145,47,22
grapefruit,15.31,308.46,158,82,11
grapefruit,15.31,308.83,156,67,16
grapefruit,15.31,309.03,145,60,10
grapefruit,15.35,312.6,153,71,19
grapefruit,15.42,313.48,140,56,18
grapefruit,15.45,314.35,153,55,8
grapefruit,15.48,314.63,150,60,12
grapefruit,15.57,315.44,151,65,8
grapefruit,16.04,320.86,154,54,13
grapefruit,16.29,323.37,157,46,20
grapefruit,16.38,335.35,154,71,7
grapefruit,16.67,335.98,144,58,33
